config_id,domain,one_shot_execution,kg_execution,one_shot_physics_score,kg_physics_score,one_shot_relative_rmse,kg_relative_rmse,one_shot_measured,kg_measured
2b266fbc949d,heat_flow,False,True,,,,,0/1,0/1
2b266fbc949d,burgers2d,True,True,0.01087330066723308,,90.96839401429604,,1/1,0/1
2b266fbc949d,julia_set,True,True,0.041163695441697394,1.0,23.293251353400954,0.0,1/1,1/1
2b266fbc949d,lid_driven_cavity,False,False,,,,,0/0,0/0
2b266fbc949d,reaction_diffusion,True,True,0.9999959393969998,0.9999909645464966,4.060620926320979e-06,9.035539078456933e-06,2/2,2/2
2b266fbc949d,smoke_plume,False,False,,,,,0/0,0/0
2b266fbc949d,wake_flow,False,False,,,,,0/0,0/0
800ba81f8913,heat_flow,False,True,,,,,0/1,0/1
800ba81f8913,burgers2d,True,True,0.01087330066723308,,90.96839401429604,,1/1,0/1
800ba81f8913,julia_set,True,True,0.041163695441697394,1.0,23.293251353400954,0.0,1/1,1/1
800ba81f8913,lid_driven_cavity,False,False,,,,,0/0,0/0
800ba81f8913,reaction_diffusion,True,True,0.9999959393969998,0.9999908614144108,4.060620926320979e-06,9.138673168879813e-06,2/2,2/2
800ba81f8913,smoke_plume,False,False,,,,,0/0,0/0
800ba81f8913,wake_flow,False,False,,,,,0/0,0/0
e905e7297b5f,heat_flow,False,True,,,,,0/1,0/1
e905e7297b5f,burgers2d,True,True,0.01087330066723308,,90.96839401429604,,1/1,0/1
e905e7297b5f,julia_set,True,True,0.041163695441697394,1.0,23.293251353400954,0.0,1/1,1/1
e905e7297b5f,lid_driven_cavity,False,False,,,,,0/0,0/0
e905e7297b5f,reaction_diffusion,True,True,0.9999959393969998,0.9999953988414356,4.060620926320979e-06,4.60118104060111e-06,2/2,2/2
e905e7297b5f,smoke_plume,False,False,,,,,0/0,0/0
e905e7297b5f,wake_flow,False,False,,,,,0/0,0/0
3a899d129273,heat_flow,False,True,,,,,0/1,0/1
3a899d129273,burgers2d,True,True,0.01087330066723308,,90.96839401429604,,1/1,0/1
3a899d129273,julia_set,True,True,0.041163695441697394,1.0,23.293251353400954,0.0,1/1,1/1
3a899d129273,lid_driven_cavity,False,False,,,,,0/0,0/0
3a899d129273,reaction_diffusion,True,True,0.9999959393969998,0.9999959074541427,4.060620926320979e-06,4.092563905190762e-06,2/2,2/2
3a899d129273,smoke_plume,False,False,,,,,0/0,0/0
3a899d129273,wake_flow,False,False,,,,,0/0,0/0
c5573860ecec,heat_flow,False,True,,,,,0/1,0/1
c5573860ecec,burgers2d,True,True,0.01087330066723308,,90.96839401429604,,1/1,0/1
c5573860ecec,julia_set,True,True,0.041163695441697394,1.0,23.293251353400954,0.0,1/1,1/1
c5573860ecec,lid_driven_cavity,False,False,,,,,0/0,0/0
c5573860ecec,reaction_diffusion,True,True,0.9999959393969998,0.999997483364679,4.060620926320979e-06,2.5166417959404385e-06,2/2,2/2
c5573860ecec,smoke_plume,False,False,,,,,0/0,0/0
c5573860ecec,wake_flow,False,False,,,,,0/0,0/0
