rank,config_id,top_k,min_score,method_min_score,max_methods_per_class,max_nodes,fulltext_limit,description_limit,function_limit,class_limit,successful_domains,tested_domains,execution_rate,heat_flow,burgers2d,julia_set,lid_driven_cavity,reaction_diffusion,smoke_plume,wake_flow
1,9f7e642f4397,12,0.2,0.5,2,8,5,8,2,6,4,7,0.5714,PASS,PASS,PASS,FAIL,PASS,FAIL,FAIL
2,2612d2a52a29,32,0.2,0.3,2,12,5,5,6,6,4,7,0.5714,PASS,PASS,PASS,FAIL,PASS,FAIL,FAIL
3,ceb1eae7dde0,32,0.15,0.5,5,12,8,5,2,2,4,7,0.5714,PASS,PASS,PASS,FAIL,PASS,FAIL,FAIL
4,63da9568d5eb,32,0.2,0.4,5,12,3,3,2,4,4,7,0.5714,PASS,PASS,PASS,FAIL,PASS,FAIL,FAIL
5,8c98a7342e5f,12,0.15,0.5,3,24,8,3,4,6,4,7,0.5714,PASS,PASS,PASS,FAIL,PASS,FAIL,FAIL
6,e6ae57c23bed,48,0.15,0.2,1,8,8,8,2,4,4,7,0.5714,PASS,PASS,PASS,FAIL,PASS,FAIL,FAIL
7,864fae1078aa,48,0.15,0.3,1,32,3,3,4,2,4,7,0.5714,PASS,PASS,PASS,FAIL,PASS,FAIL,FAIL
8,6d9ec269182d,12,0.2,0.3,5,12,3,3,4,4,4,7,0.5714,PASS,PASS,PASS,FAIL,PASS,FAIL,FAIL
9,104dd1395c62,32,0.15,0.5,5,12,5,5,2,6,4,7,0.5714,PASS,PASS,PASS,FAIL,PASS,FAIL,FAIL
10,05d2e42e99d1,32,0.15,0.5,2,18,3,8,2,6,4,7,0.5714,PASS,PASS,PASS,FAIL,PASS,FAIL,FAIL
